Model,MAE,RMSE,MAPE (%),Forecast Month 1,Forecast Month 2,Forecast Month 3
XGBoost,15007.438541666668,18677.394222485946,14.606395062301031,44462.6640625,37796.78515625,50841.30859375
SARIMA,19244.48534520369,19950.07042110583,20.526431988168135,46782.47919115144,40285.47051760281,72234.20322987207
Prophet,20296.00741063667,22487.465695306604,21.892588782268717,42548.14257485415,33310.12508564362,80304.67338860733
