Segment,Forecast Growth (%)
Technology,205.56091003974313
West,80.72261423363966
East,53.818054751225496
Office Supplies,33.8591059077912
Furniture,33.74013326689976
